id,name
1,Aaisha Hough
2,Riley-Jay Kenny
3,Mahira Delgado
4,Portia Weaver
5,Samiha Dupont
6,Shani Archer
7,Malik Cohen
8,Roberto Holman
9,Mathilde Walters
10,Tristan Becker
11,Zidan Wilks
12,Isra Kane
13,Leanna Wade
14,Aisha Noel
15,Taine Wormald
16,Tudor Barrera
17,Aleksandra Sellers
18,Linzi Haney
19,Marion Garner
20,Yassin Cochran
21,Ebonie Barnes
22,Vlad Hayes
23,Oscar Huffman
24,Abdulahi Adam
25,Carole Hoover
26,Dominykas May
27,Natchanon Manatphaiboon
28,Hisham Villa
29,Danyaal Bean
30,Maximilian Key
31,Sharna Shelton
32,Miley Rowe
33,Luisa Regan
34,Iga Thorne
35,Zayna Howells
36,Krisha Almond
37,Everett Avila
38,Bodhi Howarth
39,Alissia Thatcher
40,Briana Zhang
41,Lacy Bourne
42,Vienna Ponce
43,Elen Jefferson
44,T-Jay Patton
45,Billie Hubbard
46,Shayaan Rose
47,Floyd Fountain
48,Harris Sierra
49,Orson Hebert
50,Ajwa Plant